,_id,first_name,last_name,lifestyle
0,de37e848-9569-11ea-b31d-0242ac110002,Lindsey,Martinez,weight trainer
1,de37fb8a-9569-11ea-b31d-0242ac110002,Kelsey,Clayton,weight trainer
2,de380382-9569-11ea-b31d-0242ac110002,Ashley,Williams,weight trainer
3,de3810ac-9569-11ea-b31d-0242ac110002,Tracy,Townsend,weight trainer
4,de381f98-9569-11ea-b31d-0242ac110002,Michelle,Hodge,weight trainer
5,de383c1c-9569-11ea-b31d-0242ac110002,Jacqueline,Parks,weight trainer
6,de3845f4-9569-11ea-b31d-0242ac110002,Alyssa,Clark,weight trainer
7,de385436-9569-11ea-b31d-0242ac110002,Catherine,Foster,weight trainer
8,de386296-9569-11ea-b31d-0242ac110002,Ashley,Wong,weight trainer
9,de387092-9569-11ea-b31d-0242ac110002,Stephanie,Thomas,weight trainer
10,de388000-9569-11ea-b31d-0242ac110002,Tiffany,Ross,weight trainer
11,de388848-9569-11ea-b31d-0242ac110002,Mia,Lee,weight trainer
12,de389432-9569-11ea-b31d-0242ac110002,Tammy,Carey,weight trainer
13,de38ad14-9569-11ea-b31d-0242ac110002,Melanie,Baker,weight trainer
14,de38bf34-9569-11ea-b31d-0242ac110002,Rebekah,Miller,weight trainer
15,de38d69a-9569-11ea-b31d-0242ac110002,Madison,Snyder,weight trainer
16,de38e450-9569-11ea-b31d-0242ac110002,Jennifer,Arnold,weight trainer
17,de390a20-9569-11ea-b31d-0242ac110002,Nicole,Hood,weight trainer
18,de3923a2-9569-11ea-b31d-0242ac110002,Heather,Hernandez,weight trainer
19,de393c2a-9569-11ea-b31d-0242ac110002,Kimberly,Clark,weight trainer
20,de3951c4-9569-11ea-b31d-0242ac110002,Phyllis,Murphy,weight trainer
21,de3967f4-9569-11ea-b31d-0242ac110002,Sarah,Herrera,weight trainer
22,de397b9a-9569-11ea-b31d-0242ac110002,Stacy,Fleming,weight trainer
23,de398cc0-9569-11ea-b31d-0242ac110002,Debra,Frank,weight trainer
24,de399d50-9569-11ea-b31d-0242ac110002,Whitney,Gardner,weight trainer
25,de39ac82-9569-11ea-b31d-0242ac110002,Erica,Shaw,weight trainer
26,de39bef2-9569-11ea-b31d-0242ac110002,Deborah,King,weight trainer
27,de39ce56-9569-11ea-b31d-0242ac110002,Connie,Woods,weight trainer
28,de39dfcc-9569-11ea-b31d-0242ac110002,Lindsay,Huff,weight trainer
29,de39eecc-9569-11ea-b31d-0242ac110002,Andrea,Kramer,weight trainer
30,de3a02f4-9569-11ea-b31d-0242ac110002,Rebecca,Moore,weight trainer
31,de3a11f4-9569-11ea-b31d-0242ac110002,Stephanie,Doyle,weight trainer
32,de3a2216-9569-11ea-b31d-0242ac110002,Rebecca,Choi,weight trainer
33,de3a3d46-9569-11ea-b31d-0242ac110002,Lisa,Perry,weight trainer
34,de3a4fca-9569-11ea-b31d-0242ac110002,Natasha,Paul,weight trainer
35,de3a61ae-9569-11ea-b31d-0242ac110002,Catherine,Sweeney,weight trainer
36,de3a71c6-9569-11ea-b31d-0242ac110002,Kimberly,Duke,weight trainer
37,de3a8102-9569-11ea-b31d-0242ac110002,Teresa,Lawrence,weight trainer
38,de3a89d6-9569-11ea-b31d-0242ac110002,Heather,Jackson,weight trainer
39,de3a9598-9569-11ea-b31d-0242ac110002,Ashley,Miller,weight trainer
40,de3aa768-9569-11ea-b31d-0242ac110002,Vanessa,Mcmahon,weight trainer
41,de3ab802-9569-11ea-b31d-0242ac110002,Annette,Pineda,weight trainer
42,de3ad30a-9569-11ea-b31d-0242ac110002,Lynn,Robles,weight trainer
43,de3ae278-9569-11ea-b31d-0242ac110002,Amanda,Clark,weight trainer
44,de3af27c-9569-11ea-b31d-0242ac110002,Taylor,Thompson,weight trainer
45,de3b0316-9569-11ea-b31d-0242ac110002,Jennifer,Nguyen,weight trainer
46,de3b191e-9569-11ea-b31d-0242ac110002,Alexis,Vasquez,weight trainer
47,de3b2ab2-9569-11ea-b31d-0242ac110002,Heidi,Cox,weight trainer
48,de3b4970-9569-11ea-b31d-0242ac110002,Erin,Rowland,weight trainer
49,de3b6338-9569-11ea-b31d-0242ac110002,Catherine,Baker,weight trainer
50,de3b8002-9569-11ea-b31d-0242ac110002,Helen,Schneider,weight trainer
51,de3b97f4-9569-11ea-b31d-0242ac110002,Kimberly,Stephens,weight trainer
52,de3bad5c-9569-11ea-b31d-0242ac110002,Kristen,Reid,weight trainer
53,de3bbf90-9569-11ea-b31d-0242ac110002,Courtney,Velez,weight trainer
54,de3bd084-9569-11ea-b31d-0242ac110002,Leah,Jones,weight trainer
55,de3be2a4-9569-11ea-b31d-0242ac110002,Crystal,Peters,weight trainer
56,de3bf4ba-9569-11ea-b31d-0242ac110002,Melissa,Mills,weight trainer
57,de3c05ae-9569-11ea-b31d-0242ac110002,Julia,Lopez,weight trainer
58,de3c11ac-9569-11ea-b31d-0242ac110002,Sarah,Burton,weight trainer
59,de3c1da0-9569-11ea-b31d-0242ac110002,Dawn,Boone,weight trainer
60,de3c2a84-9569-11ea-b31d-0242ac110002,Misty,Hernandez,weight trainer
61,de3c3510-9569-11ea-b31d-0242ac110002,Anna,Reid,weight trainer
62,de3c3e34-9569-11ea-b31d-0242ac110002,Barbara,Bowen,weight trainer
63,de3c46d6-9569-11ea-b31d-0242ac110002,Amy,Walton,weight trainer
64,de3c51e4-9569-11ea-b31d-0242ac110002,Katie,Lynn,weight trainer
65,de3c5b8a-9569-11ea-b31d-0242ac110002,Jessica,Edwards,weight trainer
66,de3c64b8-9569-11ea-b31d-0242ac110002,Kristina,Harrison,weight trainer
67,de3c6bac-9569-11ea-b31d-0242ac110002,Jessica,Jones,weight trainer
68,de3c76ec-9569-11ea-b31d-0242ac110002,Tiffany,Morris,weight trainer
69,de3c7fc0-9569-11ea-b31d-0242ac110002,Cheryl,Ball,weight trainer
70,de3c8858-9569-11ea-b31d-0242ac110002,Kristin,Bartlett,weight trainer
71,de3c9294-9569-11ea-b31d-0242ac110002,Tara,Wagner,weight trainer
72,de3c9eec-9569-11ea-b31d-0242ac110002,Christine,Trujillo,weight trainer
73,de3ca838-9569-11ea-b31d-0242ac110002,Rebecca,Owens,weight trainer
74,de3cb04e-9569-11ea-b31d-0242ac110002,Brenda,Lewis,weight trainer
75,de3cb864-9569-11ea-b31d-0242ac110002,Jessica,Kelly,cardio trainer
76,de3cc304-9569-11ea-b31d-0242ac110002,Julie,Cain,cardio trainer
77,de3ccafc-9569-11ea-b31d-0242ac110002,Donna,Ford,cardio trainer
78,de3cd36c-9569-11ea-b31d-0242ac110002,Pamela,Golden,cardio trainer
79,de3cdb28-9569-11ea-b31d-0242ac110002,Elizabeth,Hunter,cardio trainer
80,de3ce51e-9569-11ea-b31d-0242ac110002,Crystal,Swanson,cardio trainer
81,de3cecee-9569-11ea-b31d-0242ac110002,Tracy,Rivera,cardio trainer
82,de3cf572-9569-11ea-b31d-0242ac110002,Angelica,Reyes,cardio trainer
83,de3cfdd8-9569-11ea-b31d-0242ac110002,Susan,West,cardio trainer
84,de3d0594-9569-11ea-b31d-0242ac110002,Melissa,Acosta,cardio trainer
85,de3d0d1e-9569-11ea-b31d-0242ac110002,Donna,Holt,cardio trainer
86,de3d16e2-9569-11ea-b31d-0242ac110002,Teresa,Lang,cardio trainer
87,de3d1e62-9569-11ea-b31d-0242ac110002,Kelsey,Potts,cardio trainer
88,de3d2650-9569-11ea-b31d-0242ac110002,Kimberly,Kramer,cardio trainer
89,de3d2dbc-9569-11ea-b31d-0242ac110002,Victoria,Soto,cardio trainer
90,de3d3776-9569-11ea-b31d-0242ac110002,Elizabeth,Young,cardio trainer
91,de3d3e9c-9569-11ea-b31d-0242ac110002,Linda,Brown,cardio trainer
92,de3d45d6-9569-11ea-b31d-0242ac110002,Carol,Fisher,cardio trainer
93,de3d4d92-9569-11ea-b31d-0242ac110002,Barbara,Scott,cardio trainer
94,de3d56de-9569-11ea-b31d-0242ac110002,Andrea,Oliver,cardio trainer
95,de3d6106-9569-11ea-b31d-0242ac110002,Jennifer,Baird,cardio trainer
96,de3d6886-9569-11ea-b31d-0242ac110002,Michelle,Henry,cardio trainer
97,de3d7060-9569-11ea-b31d-0242ac110002,Maria,Medina,cardio trainer
98,de3d777c-9569-11ea-b31d-0242ac110002,Victoria,Powell,cardio trainer
99,de3d7eb6-9569-11ea-b31d-0242ac110002,Annette,Rodriguez,cardio trainer
100,de3d8be0-9569-11ea-b31d-0242ac110002,Stacy,Ortega,cardio trainer
101,de3d93a6-9569-11ea-b31d-0242ac110002,Nichole,Cabrera,cardio trainer
102,de3da152-9569-11ea-b31d-0242ac110002,Karen,Mitchell,cardio trainer
103,de3daa26-9569-11ea-b31d-0242ac110002,Courtney,Flynn,cardio trainer
104,de3db750-9569-11ea-b31d-0242ac110002,Kathleen,Gutierrez,cardio trainer
105,de3dc006-9569-11ea-b31d-0242ac110002,Melanie,Richardson,cardio trainer
106,de3dca4c-9569-11ea-b31d-0242ac110002,Jennifer,Lambert,cardio trainer
107,de3dd4f6-9569-11ea-b31d-0242ac110002,Wendy,Madden,cardio trainer
108,de3dde38-9569-11ea-b31d-0242ac110002,Virginia,Fuller,cardio trainer
109,de3de54a-9569-11ea-b31d-0242ac110002,Amanda,Lee,cardio trainer
110,de3dec66-9569-11ea-b31d-0242ac110002,Courtney,Henderson,cardio trainer
111,de3df7b0-9569-11ea-b31d-0242ac110002,Karen,Garrett,cardio trainer
112,de3e000c-9569-11ea-b31d-0242ac110002,Kristina,Bowen,cardio trainer
113,de3e0a2a-9569-11ea-b31d-0242ac110002,Danielle,Levine,cardio trainer
114,de3e15ce-9569-11ea-b31d-0242ac110002,Amy,Hawkins,cardio trainer
115,de3e235c-9569-11ea-b31d-0242ac110002,Stephanie,Hudson,cardio trainer
116,de3e2e24-9569-11ea-b31d-0242ac110002,Heather,Nelson,cardio trainer
117,de3e390a-9569-11ea-b31d-0242ac110002,Jill,Robertson,cardio trainer
118,de3e4562-9569-11ea-b31d-0242ac110002,Kimberly,Brown,cardio trainer
119,de3e4d00-9569-11ea-b31d-0242ac110002,Tiffany,Knapp,cardio trainer
120,de3e55de-9569-11ea-b31d-0242ac110002,Rachel,English,cardio trainer
121,de3e60ce-9569-11ea-b31d-0242ac110002,Lisa,Barrett,cardio trainer
122,de3e67fe-9569-11ea-b31d-0242ac110002,Melanie,Garcia,cardio trainer
123,de3e71fe-9569-11ea-b31d-0242ac110002,Holly,Mack,cardio trainer
124,de3e7992-9569-11ea-b31d-0242ac110002,Brooke,Soto,cardio trainer
125,de3e80a4-9569-11ea-b31d-0242ac110002,Brenda,Thomas,cardio trainer
126,de3e87b6-9569-11ea-b31d-0242ac110002,Jasmine,Price,cardio trainer
127,de3e8edc-9569-11ea-b31d-0242ac110002,Bethany,Thomas,cardio trainer
128,de3e981e-9569-11ea-b31d-0242ac110002,Deborah,Miller,cardio trainer
129,de3e9f3a-9569-11ea-b31d-0242ac110002,Robyn,Hale,cardio trainer
130,de3ea656-9569-11ea-b31d-0242ac110002,Julie,Wilson,cardio trainer
131,de3ead5e-9569-11ea-b31d-0242ac110002,Tracey,Barron,cardio trainer
132,de3eb470-9569-11ea-b31d-0242ac110002,Patricia,Jacobs,cardio trainer
133,de3ec1cc-9569-11ea-b31d-0242ac110002,Catherine,Johnson,cardio trainer
134,de3ecbea-9569-11ea-b31d-0242ac110002,Melissa,Estes,cardio trainer
135,de3ed66c-9569-11ea-b31d-0242ac110002,Amanda,Wilson,cardio trainer
136,de3edf72-9569-11ea-b31d-0242ac110002,Elizabeth,Mason,cardio trainer
137,de3eeb34-9569-11ea-b31d-0242ac110002,Carla,Cooke,cardio trainer
138,de3ef3ae-9569-11ea-b31d-0242ac110002,Sarah,Fitzgerald,cardio trainer
139,de3efc28-9569-11ea-b31d-0242ac110002,Allison,Wade,cardio trainer
140,de3f0498-9569-11ea-b31d-0242ac110002,Glenda,Smith,cardio trainer
141,de3f0f24-9569-11ea-b31d-0242ac110002,Emily,Williams,cardio trainer
142,de3f17a8-9569-11ea-b31d-0242ac110002,Colleen,Wright,cardio trainer
143,de3f1f64-9569-11ea-b31d-0242ac110002,Molly,Mann,cardio trainer
144,de3f26d0-9569-11ea-b31d-0242ac110002,Kayla,Jensen,cardio trainer
145,de3f32f6-9569-11ea-b31d-0242ac110002,Deborah,Martinez,cardio trainer
146,de3f3b98-9569-11ea-b31d-0242ac110002,Lauren,Smith,cardio trainer
147,de3f4462-9569-11ea-b31d-0242ac110002,Hailey,Carter,cardio trainer
148,de3f4c8c-9569-11ea-b31d-0242ac110002,Kimberly,Adams,cardio trainer
149,de3f55c4-9569-11ea-b31d-0242ac110002,Vicki,White,cardio trainer
150,de3f5cf4-9569-11ea-b31d-0242ac110002,Heather,Bass,sedentary
151,de3f6410-9569-11ea-b31d-0242ac110002,Patricia,Porter,sedentary
152,de3f6b18-9569-11ea-b31d-0242ac110002,Cassandra,Mason,sedentary
153,de3f7216-9569-11ea-b31d-0242ac110002,Christina,Chung,sedentary
154,de3f7928-9569-11ea-b31d-0242ac110002,Sharon,Lawrence,sedentary
155,de3f8030-9569-11ea-b31d-0242ac110002,Mary,Mercado,sedentary
156,de3f8968-9569-11ea-b31d-0242ac110002,Dorothy,White,sedentary
157,de3f907a-9569-11ea-b31d-0242ac110002,Heather,Mcgee,sedentary
158,de3f9ba6-9569-11ea-b31d-0242ac110002,Kimberly,Ruiz,sedentary
159,de3fa5ba-9569-11ea-b31d-0242ac110002,Denise,Mcdonald,sedentary
160,de3fad26-9569-11ea-b31d-0242ac110002,Teresa,Bennett,sedentary
161,de3fb442-9569-11ea-b31d-0242ac110002,Kylie,Garcia,sedentary
162,de3fbb5e-9569-11ea-b31d-0242ac110002,Samantha,Jackson,sedentary
163,de3fc270-9569-11ea-b31d-0242ac110002,Maria,Yu,sedentary
164,de3fcb44-9569-11ea-b31d-0242ac110002,Kathleen,Gonzalez,sedentary
165,de3fd256-9569-11ea-b31d-0242ac110002,Jennifer,Gardner,sedentary
166,de3fda44-9569-11ea-b31d-0242ac110002,Katelyn,Scott,sedentary
167,de3fe1e2-9569-11ea-b31d-0242ac110002,Kayla,Kennedy,sedentary
168,de3fe8f4-9569-11ea-b31d-0242ac110002,Cindy,Paul,sedentary
169,de3ff1dc-9569-11ea-b31d-0242ac110002,Katherine,Garcia,sedentary
170,de3ff8f8-9569-11ea-b31d-0242ac110002,Robin,Schneider,sedentary
171,de40001e-9569-11ea-b31d-0242ac110002,Jackie,Forbes,sedentary
172,de40073a-9569-11ea-b31d-0242ac110002,Tina,Thompson,sedentary
173,de400e38-9569-11ea-b31d-0242ac110002,Sabrina,Snyder,sedentary
174,de4015a4-9569-11ea-b31d-0242ac110002,Shelly,Schwartz,sedentary
175,de401f18-9569-11ea-b31d-0242ac110002,Joy,Pierce,sedentary
176,de40263e-9569-11ea-b31d-0242ac110002,Katherine,Howard,sedentary
177,de402d64-9569-11ea-b31d-0242ac110002,Jamie,Henson,sedentary
178,de403480-9569-11ea-b31d-0242ac110002,Caitlin,Case,sedentary
179,de403b92-9569-11ea-b31d-0242ac110002,Maria,Thompson,sedentary
180,de40452e-9569-11ea-b31d-0242ac110002,Kathleen,Rivers,sedentary
181,de404c54-9569-11ea-b31d-0242ac110002,Melinda,Rhodes,sedentary
182,de405384-9569-11ea-b31d-0242ac110002,Sabrina,Barnes,sedentary
183,de405ab4-9569-11ea-b31d-0242ac110002,Tammy,Johnson,sedentary
184,de4061da-9569-11ea-b31d-0242ac110002,Dana,Moreno,sedentary
185,de406cac-9569-11ea-b31d-0242ac110002,Amber,Collins,sedentary
186,de4073e6-9569-11ea-b31d-0242ac110002,Mary,Wheeler,sedentary
187,de407b16-9569-11ea-b31d-0242ac110002,Amanda,Dean,sedentary
188,de408246-9569-11ea-b31d-0242ac110002,Barbara,Stephens,sedentary
189,de408962-9569-11ea-b31d-0242ac110002,Deanna,Chambers,sedentary
190,de40929a-9569-11ea-b31d-0242ac110002,Jessica,Armstrong,sedentary
191,de4099ac-9569-11ea-b31d-0242ac110002,Sarah,Day,sedentary
192,de40a0c8-9569-11ea-b31d-0242ac110002,Wendy,Reynolds,sedentary
193,de40a7e4-9569-11ea-b31d-0242ac110002,Brandi,Mullen,sedentary
194,de40af00-9569-11ea-b31d-0242ac110002,Katherine,Gibson,sedentary
195,de40b61c-9569-11ea-b31d-0242ac110002,Nichole,Kirby,sedentary
196,de40bf5e-9569-11ea-b31d-0242ac110002,Mary,Mckenzie,sedentary
197,de40c68e-9569-11ea-b31d-0242ac110002,Dana,Flynn,sedentary
198,de40cdb4-9569-11ea-b31d-0242ac110002,Diane,Mcdaniel,sedentary
199,de40d4c6-9569-11ea-b31d-0242ac110002,Taylor,Hill,sedentary
200,de40de12-9569-11ea-b31d-0242ac110002,Amy,Tapia,sedentary
201,de40e54c-9569-11ea-b31d-0242ac110002,Victoria,Colon,sedentary
202,de40ec7c-9569-11ea-b31d-0242ac110002,Jennifer,Duarte,sedentary
203,de40f3ac-9569-11ea-b31d-0242ac110002,Mary,Cooper,sedentary
204,de40fad2-9569-11ea-b31d-0242ac110002,Leslie,Chen,sedentary
205,de4103ba-9569-11ea-b31d-0242ac110002,Stephanie,Kelly,sedentary
206,de410b08-9569-11ea-b31d-0242ac110002,Cynthia,Walker,sedentary
207,de411224-9569-11ea-b31d-0242ac110002,Alexis,Hill,sedentary
208,de411954-9569-11ea-b31d-0242ac110002,Stephanie,Garcia,sedentary
209,de4120e8-9569-11ea-b31d-0242ac110002,Heather,Fischer,sedentary
210,de412ab6-9569-11ea-b31d-0242ac110002,Kristen,Wells,sedentary
211,de4131fa-9569-11ea-b31d-0242ac110002,Jodi,Greene,sedentary
212,de41395c-9569-11ea-b31d-0242ac110002,Christine,Campbell,sedentary
213,de414082-9569-11ea-b31d-0242ac110002,Crystal,Estrada,sedentary
214,de4147b2-9569-11ea-b31d-0242ac110002,Lisa,Perez,sedentary
215,de414eec-9569-11ea-b31d-0242ac110002,Brittany,Nelson,sedentary
216,de41586a-9569-11ea-b31d-0242ac110002,Karen,Krueger,sedentary
217,de415f90-9569-11ea-b31d-0242ac110002,Kimberly,Cook,sedentary
218,de4166a2-9569-11ea-b31d-0242ac110002,Holly,Ramsey,sedentary
219,de416daa-9569-11ea-b31d-0242ac110002,Katherine,English,sedentary
220,de4174b2-9569-11ea-b31d-0242ac110002,Heather,Bradley,sedentary
221,de417e30-9569-11ea-b31d-0242ac110002,Alexandra,Murphy,sedentary
222,de41854c-9569-11ea-b31d-0242ac110002,Mary,Lloyd,sedentary
223,de418c5e-9569-11ea-b31d-0242ac110002,Brenda,White,sedentary
224,de419384-9569-11ea-b31d-0242ac110002,Heather,Warren,sedentary
